Symbol,A017670,A000660,A010950,A010130,A000270,A004370,A003490,A011170,A005930,A003550,A007310,A005490,A015760,A018880,A012330,A000720,A005380,A004020,A009540,A008770
Symbol Name,SK텔레콤,SK하이닉스,S-Oil,고려아연,기아차,농심,대한항공,롯데케미칼,삼성전자,LG,오뚜기,POSCO,한국전력,한온시스템,현대모비스,현대건설,현대차,현대제철,현대중공업,호텔신라
Kind,SSC,SSC,SSC,SSC,SSC,SSC,SSC,SSC,SSC,SSC,SSC,SSC,SSC,SSC,SSC,SSC,SSC,SSC,SSC,SSC
Item,S410000700,S410000700,S410000700,S410000700,S410000700,S410000700,S410000700,S410000700,S410000700,S410000700,S410000700,S410000700,S410000700,S410000700,S410000700,S410000700,S410000700,S410000700,S410000700,S410000700
Item Name,수정주가(원),수정주가(원),수정주가(원),수정주가(원),수정주가(원),수정주가(원),수정주가(원),수정주가(원),수정주가(원),수정주가(원),수정주가(원),수정주가(원),수정주가(원),수정주가(원),수정주가(원),수정주가(원),수정주가(원),수정주가(원),수정주가(원),수정주가(원)
Frequency,DAILY,DAILY,DAILY,DAILY,DAILY,DAILY,DAILY,DAILY,DAILY,DAILY,DAILY,DAILY,DAILY,DAILY,DAILY,DAILY,DAILY,DAILY,DAILY,DAILY
2000.1.31,0,0,0,0,0,0,0,0,0,0,0,0,0,0,0,0,0,0,0,0
2000.2.29,0.111111111,-0.321970121,0.038461538,-0.184,-0.334821429,-0.117032393,-0.184252985,-0.098837209,-0.082437276,-0.251250872,0.282142857,-0.161654135,-0.18443804,-0.3125,-0.34670947,-0.263550407,-0.295321637,-0.128712871,-0.134609569,0.078582435
2000.3.31,-0.142857143,0.374303441,0.084656085,0.307189542,0.118568233,0.174414201,0.354957806,-0.022580645,0.30859375,0.05508373,0.317548747,-0.044843049,0.113074205,0,0,-0.055837885,0.112033195,0.068181818,0.025406255,-0.05
2000.4.30,-0.180555556,-0.284554007,0.002439024,-0.3825,0.008,-0.030693887,-0.028610354,-0.234323432,-0.104477612,-0.193035579,-0.192389006,-0.184976526,0.031746032,0.106060606,0.01965602,0.088708245,-0.220149254,-0.331914894,-0.294117647,-0.142857143
2000.5.31,0.305084746,0,-0.087591241,-0.101214575,0.226190476,-0.25332668,-0.302945302,-0.275862069,0.026666667,-0.137242026,-0.188481675,-0.020737327,-0.067692308,-0.109589041,-0.091566265,-0.151851248,0.157894737,0.066878981,-0.074546157,-0.122807018
2000.6.30,-0.051948052,0.250002171,0.429333333,0.274774775,0.035598706,0.339552239,0.300948548,-0.110714286,0.198051948,0.013627632,-0.038709677,0.112941176,0.141914191,0.136923077,0.350132626,0.213974359,0.181818182,0.044776119,-0.004747496,-0.002
2000.7.31,-0.238356164,-0.209090151,-0.070895522,-0.151943463,0.125,-0.088679167,-0.040985418,0.002677376,-0.200542005,-0.150212751,-0.046979866,-0.069767442,-0.069364162,0.123139378,0.058939096,-0.368106453,0.045454545,0.085714286,-0.047649001,-0.118236473
2000.8.31,-0.122302158,0.166663739,0.032128514,0.25,-0.0625,0.081090328,-0.110471144,0.021361816,-0.072881356,-0.023226458,-0.021126761,-0.068181818,0.01242236,-0.007228916,0.090909091,0.134728304,0.123745819,-0.101315789,0.100011008,0.056818182
2000.9.30,0.114754098,-0.214283743,0.038910506,0.226666667,-0.096296296,0.047494461,-0.138176638,-0.130718954,-0.26142596,-0.256698544,-0.025179856,0.012195122,-0.107361963,-0.17961165,-0.136054422,-0.2558546,-0.136904762,-0.122986823,-0.090918189,0.010752688
2000.10.31,-0.108455882,-0.561756411,0.059925094,-0.184782609,0,0.025057406,-0.126521412,-0.17593985,-0.294554455,-0.194204578,-0.018450185,-0.203614458,-0.127147766,-0.204142012,-0.309055118,-0.379773309,-0.103448276,-0.32721202,-0.007485689,-0.1
2000.11.30,0.006185567,-0.021456006,-0.060070671,-0.266666667,0.229508197,0.110591472,-0.023567865,-0.005474453,0.136842105,-0.035745109,-0.045112782,0.101361573,-0.094488189,0.055762082,0.230769231,0.188407493,0,0.05707196,-0.06799024,0.035460993
2000.12.31,0.036885246,-0.411553099,0.033834586,0.031818182,-0.053333333,-0.056601437,0.1897463,0.165137615,-0.024691358,0.050943537,0.05511811,0.050824176,0.026086957,-0.301056338,0.153935185,-0.240858925,-0.069230769,0.877934272,0,0.02739726
2001.1.31,0.04743083,0.453416699,-0.2,0.233480176,0.056338028,-0.022224723,0.277210129,0.299212598,0.392405063,0.339176721,0.104477612,0.267973856,0.105932203,0.168765743,0.243731194,1.120490025,0.268595041,-0.09,0.426990361,0.018888889
2001.2.28,-0.198113208,-0.358973466,0.15,0.242857143,0.053333333,0.113649442,-0.05484058,0.117575758,-0.15,-0.078965499,-0.054054054,0.041237113,-0.01532567,0.129310345,0.125806452,-0.159094321,0.042345277,0.288461538,0.018930865,0.166848419
2001.3.31,-0.138823529,-0.158671938,0.134387352,0.17816092,-0.075949367,-0.102051362,-0.245215898,-0.132321041,0.112299465,-0.092813165,-0.071428571,-0.108910891,-0.214007782,-0.045801527,-0.088825215,-0.585587611,0.075,-0.172707889,0.040923228,-0.039252336
2001.4.30,0.237704918,0.072903715,0.134146341,-0.129268293,0.071232877,-0.077262439,0.111165285,0.025,0.100961538,-0.474755804,0.019230769,0.088888889,0.126237624,0.168,0.588050314,-0.326078632,0.197674419,0.159793814,-0.100015726,0.089494163
2001.5.31,-0.030905077,0.28213888,0.141321045,0.008403361,0.297953964,0.23153037,0.169226269,0.243902439,-0.074235808,-0.006400193,0.158490566,0.066326531,0.068131868,0.421232877,0.217821782,0.387086845,0.225728155,-0.038888889,0.053555827,0.232142857
2001.6.30,-0.127562642,-0.355991689,-0.079407806,0.091666667,0.073891626,0.024002431,-0.098699024,-0.053921569,-0.094339623,-0.345162859,-0.061889251,-0.004784689,-0.004115226,-0.03373494,0.138211382,-0.023248272,0.120792079,-0.154913295,0.156314786,0.114492754
2001.7.31,0.083550914,-0.508047025,-0.073099415,-0.150127226,-0.205504587,-0.09473181,-0.051075642,-0.064248705,-0.013020833,-0.10857461,-0.097222222,-0.151923077,-0.144628099,-0.164588529,-0.139285714,-0.503975674,-0.220848057,-0.146374829,-0.065117613,-0.196358908
2001.8.31,0.084337349,-0.39635434,0.238170347,-0.101796407,-0.016166282,0.1218886,-0.007751938,0.118493909,0.002638522,-0.130959817,0.019230769,0.026077098,0.094202899,-0.020895522,-0.029045643,0.356010428,-0.034013605,0.096153846,-0.195151887,0.084142395
2001.9.30,-0.075555556,0.066224759,0.036942675,-0.166666667,-0.167840376,0.169233766,-0.263561321,-0.138613861,-0.263157895,-0.185673215,-0.018867925,-0.108287293,-0.072847682,-0.06554878,-0.055555556,-0.135701109,-0.211267606,-0.149122807,-0.017298894,-0.134328358
2001.10.31,0.180288462,0.25990099,-0.003685504,0.048,0.183356841,-0.037826208,-0.009407526,0.034482759,0.239285714,0.247131509,0.023076923,0.102850062,-0.028571429,0.158238173,0.312217195,-0.092136115,0.238095238,0.073883162,-0.030842345,0.093103448
2001.11.30,0.075356415,0.923790378,0.060419236,0.320610687,0.10488677,0.05982832,0.636492221,0.594444444,0.25648415,0.210191083,0.101503759,0.202247191,0.12745098,0.070422535,0.231034483,0.212410185,0.221153846,0.216,0.12044033,0.334384858
2001.12.31,0.015151515,0.128200256,0.018604651,0.156069364,-0.044228695,0.162900547,0.054574639,0.226480836,0.279816514,0.024951267,0.020477816,0.140186916,-0.056521739,-0.052631579,0.058823529,0.007756172,0.059055118,0.039473684,0.026393355,0.004728132
2002.1.31,-0.044776119,0.008251937,0.029680365,0.075,0.094808126,0.120673308,0.490106545,0.051136364,0.077060932,0.201217193,0.277591973,0.053278689,0.004608295,0.230555556,0.005291005,0.1999729,0.124535316,0.607594937,0.13440369,0.135294118
2002.2.28,0.015625,-0.338107566,0.068736142,0.255813953,0.180412371,-0.009902024,0.376050915,0.183783784,0.141430948,0.187935402,0.180628272,0.140077821,0.006880734,0.14221219,0.302631579,-0.048713837,0.203305785,0.039370079,0.222959497,0.124352332
2002.3.31,0.115384615,-0.108352785,0.112033195,0.144444444,0.227074236,0.174997363,0.045052247,0.057077626,0.072886297,0.367453019,0.144124169,-0.051194539,0.127562642,0.205533597,0.286868687,-0.021556431,0.151098901,0.137878788,-0.025623334,0.050691244
2002.4.30,-0.132758621,-0.336823858,-0.050373134,-0.216828479,-0.049822064,-0.031909354,0.155119659,-0.205183585,0.038043478,-0.243762183,-0.294573643,-0.075539568,-0.01010101,-0.049180328,-0.004709576,-0.241058863,0.145584726,-0.202396804,-0.133030771,-0.035087719
2002.5.31,0.07554672,-0.2774992,0.009823183,-0.090909091,-0.116104869,-0.021980264,-0.089541649,0.1875,-0.104712042,0.061992525,0.005494505,0.085603113,0.028571429,-0.055172414,-0.29022082,-0.10706864,-0.161458333,0.031719533,-0.212511602,-0.3
2002.6.30,-0.003696858,-0.623154164,-0.188715953,0.013636364,-0.06779661,-0.151686991,-0.131130507,0.128146453,-0.038011696,0.015533981,0.136612022,-0.043010753,-0.126984127,-0.016423358,0.128888889,0.018295739,-0.101863354,0.121359223,0.077129791,-0.183116883
2002.7.31,-0.142857143,0.961402821,-0.251798561,0.002242152,-0.040909091,0.055623868,0.141473332,0.026369168,0.010638298,0.046008604,0.225961538,-0.123595506,-0.027272727,-0.189239332,-0.039370079,0.055905207,-0.022130014,-0.118326118,-0.184882041,0.096979332
2002.8.31,0.023809524,0.049046049,0.256410256,-0.154362416,-0.052132701,-0.023836754,-0.134992142,0.007905138,-0.004511278,-0.266651434,0.129411765,-0.076923077,-0.01635514,0.052631579,0.170081967,0.1795811,-0.038189533,-0.058919804,0.034097621,-0.055072464
2002.9.30,0.002114165,-0.20557989,-0.030612245,-0.26984127,-0.217,-0.074547368,-0.331193605,-0.347058824,-0.098187311,-0.147686556,-0.076388889,-0.013888889,-0.021377672,-0.07826087,-0.159369527,-0.301292909,-0.179411765,0.043478261,-0.235850036,-0.113496933
2002.10.31,-0.050632911,0.117583603,0,0.137681159,0.122605364,-0.027780708,0.352408548,0.174174174,0.155778894,-0.013343082,-0.015037594,0.075117371,-0.104368932,-0.051886792,0.139583333,-0.144479011,0.109318996,-0.021666667,0.098804023,-0.08650519
2002.11.30,0.104444444,-0.084191334,-0.005263158,0.197452229,0.035267349,0.122858417,0.09855383,0.26342711,0.12173913,0.141904409,-0.013358779,0.087336245,0.062330623,0.106965174,0.018281536,0.021440378,0.134087237,0.120954003,0.193815708,0.104166667
2002.12.31,-0.078470825,-0.356364914,-0.14021164,-0.042553191,-0.032967033,-0.083967744,-0.269197952,-0.12145749,-0.188630491,-0.126703439,-0.176015474,-0.052208835,-0.068877551,-0.078651685,-0.217235189,-0.157473762,-0.209401709,-0.118541033,-0.103553668,-0.185248714
2003.1.31,-0.218340611,-0.1606623,-0.144615385,-0.113888889,-0.113636364,-0.002778071,0.026269702,0.262672811,-0.071656051,-0.052758685,-0.068075117,0.008474576,-0.032876712,0,-0.018348624,-0.146408385,-0.10990991,-0.165517241,-0.070846576,-0.08
2003.2.28,-0.078212291,-0.148926946,0.151079137,0.10031348,-0.032051282,-0.004184592,0.153827401,0.04379562,-0.041166381,-0.001568935,-0.047858942,-0.071428571,0.016997167,-0.057317073,0.035046729,-0.051108968,0.016194332,0.053719008,0.039554699,-0.034324943
2003.3.31,-0.072727273,-0.325012736,-0.05,0.014245014,-0.060927152,0.053152813,-0.296288471,0.008741259,0.016100179,-0.068748772,-0.03968254,-0.108597285,-0.002785515,-0.091849935,-0.130925508,0.276897019,-0.043824701,-0.142156863,-0.038049656,-0.004739336
2003.4.30,0.104575163,0.218867925,0.302631579,0.101123596,0.191819464,0.201858307,0.215772618,0.058925477,0.073943662,0.269352457,0.319559229,0.040609137,0.142458101,0.227920228,0.254545455,0.403618613,0.195833333,0.337142857,0.336152746,0.107142857
2003.5.31,0.124260355,0.181114551,0.060606061,0.020408163,0.050887574,0.093928062,0.090961475,0.080196399,0.062295082,-0.008474576,0.164926931,0.048780488,-0.024449878,0.273781903,0.15320911,0.154494594,0.003484321,0.138461538,-0.008471421,0.079569892
2003.6.30,0.073684211,0.517693316,-0.023809524,0.075,-0.009009009,0.202015294,0.087300988,0.063636364,0.095679012,0.135579018,0.021505376,0.153488372,-0.052631579,0.038251366,0.1005386,-0.074326315,0.097222222,-0.039039039,0.049056427,-0.042828685
2003.7.31,0.004901961,0.276338515,0.012195122,0.044186047,0.026136364,-0.014184397,-0.032824427,0.183760684,0.171830986,-0.117325856,-0.035087719,0.14516129,-0.002645503,0.177192982,0.10766721,-0.150613703,0.113924051,0.053125,0.024388061,-0.017689906
2003.8.31,-0.019512195,0.078484438,0.108433735,0.093541203,0.011074197,-0.064748201,0.120685944,0.081829122,0.045673077,0.091456278,-0.036363636,-0.021126761,0.023872679,0.119225037,0.222385862,-0.011826927,0.113636364,0.115727003,0.202385113,0.131355932
2003.9.30,-0.084577114,-0.158092848,-0.047826087,-0.091649695,-0.123767798,-0.015384615,-0.087521608,-0.087875417,-0.098850575,-0.072610294,-0.052830189,-0.050359712,0.121761658,-0.054593875,-0.108433735,0.033503308,-0.155612245,-0.069148936,-0.099000908,-0.157303371
2003.10.31,0.135869565,0.122205663,0.257990868,0.179372197,0.0375,0.3515625,0.166081953,0.156097561,0.198979592,0.198876776,0.129482072,0.045454545,0.055427252,0.184507042,0.235135135,-0.5,0.1918429,0.071428571,0.230766129,0.104444444
2003.11.30,-0.071770335,-0.119521912,-0.003629764,-0.011406844,0.265060241,0.294797688,0.12654191,0.092827004,-0.010638298,-0.104574263,0.08994709,0.036231884,0.10940919,0.136741974,0.159737418,-0.134235851,0.155893536,0.26,0.127969073,0.106639839
2003.12.31,0.025773196,-0.155354449,0.02003643,0.207692308,0.038095238,0.066964286,0.039365452,0.187258687,-0.030107527,-0.069549161,0.098705502,0.13986014,-0.15581854,0.124476987,0.209433962,0.224566692,0.10745614,0.111111111,-0.010543437,-0.001818182
2004.1.31,0.092964824,0.598214286,0.146428571,0.007961783,0.004587156,-0.10251046,-0.078421296,-0.056910569,0.161862528,0.164048288,-0.072164948,-0.039877301,-0.056074766,-0.111627907,-0.093603744,-0.219230769,-0.015841584,-0.047619048,-0.056008924,-0.051001821
2004.2.29,0.094252874,0.002234637,0.327102804,-0.077409163,-0.00456621,-0.067599068,0.002955445,-0.087931034,0.040076336,0.150163375,0.00952381,0.10543131,0.024752475,0.02617801,-0.08777969,0.128078818,0.006036217,0.26,0.016947571,0.061420345
2004.3.31,-0.098739496,0.365663322,0.079812207,-0.215753425,0.082568807,0.11,0.032191705,-0.120982987,0.049541284,0.17576581,-0.040880503,-0.063583815,-0.026570048,-0.035714286,-0.009433962,-0.087336245,0.048,-0.047619048,-0.122221203,0.146473779
2004.4.30,-0.067599068,-0.028571429,0.017391304,-0.126637555,-0.076271186,0.015765766,-0.093509292,-0.060215054,-0.026223776,0.298875932,-0.098360656,-0.114197531,-0.047146402,-0.005291005,-0.04,-0.161722488,-0.145992366,-0.05,-0.140841636,-0.082018927
2004.5.31,-0.02,-0.054621849,0.025641026,-0.0725,-0.125688073,-0.011086475,-0.081228831,-0.068649886,-0.091561939,-0.064946619,-0.090909091,-0.024390244,-0.03125,-0.056382979,-0.097222222,-0.151826484,-0.027932961,-0.201754386,0.031342497,-0.140893471
2004.6.30,-0.030612245,0.124444444,0.004166667,0.029649596,0.03567681,0.177130045,0.020372526,-0.031941032,-0.057312253,0.072571577,-0.02,0.064285714,0,0.089064262,0.127472527,-0.039030956,0.02183908,0.012087912,-0.019657179,0.068
2004.7.31,-0.163157895,-0.288537549,0.070539419,-0.112565445,-0.078014184,-0.121904762,-0.050009508,0.063451777,-0.125786164,0,-0.17755102,0.070469799,0.056451613,-0.068322981,-0.040935673,0.015406162,-0.023622047,0.096634093,-0.109279756,-0.041198502
2004.8.31,0.091194969,0.161111111,-0.046511628,0.109144543,0.10989011,0.045553145,0.143915132,0.059665871,0.081534772,0.225806452,0.245657568,0.037617555,0.030534351,0.098888889,0.150406504,0.462068966,0.149769585,0.183168317,0.063392013,0.09375
2004.9.30,0.011527378,0.004784689,0.162601626,0.135638298,0.04950495,0.020746888,-0.033770779,0.027027027,0.015521064,0.003289474,0.071713147,0.036253776,0.074074074,0.05156724,0.024734982,0.212264151,0.064128257,0.071129707,0.192302807,0.008928571
2004.10.31,0,0.20952381,-0.012237762,0.077283372,-0.009433962,-0.044715447,0.088917059,-0.039473684,-0.040393013,-0.02295082,0.185873606,-0.023323615,0.064367816,-0.0625,-0.010344828,0.214007782,0.02259887,-0.07421875,0.09353361,0.017699115
2004.11.30,0.128205128,-0.18503937,0.16460177,0.308695652,-0.048571429,-0.046808511,0.075780254,0.150684932,-0.011376564,0.077181208,0.269592476,0.167164179,0.13174946,0.01025641,0.087108014,-0.102564103,-0.049723757,0.164556962,-0.113557396,0.168695652
2004.12.31,-0.005050505,0.125603865,0.018237082,0.056478405,0.091091091,0.113839286,0.021694321,-0.040674603,0.036823936,0.052959502,0.133333333,-0.043478261,0.02480916,0.040609137,0.049679487,0.110714286,0.075581395,-0.02173913,0.146420983,-0.066964286
2005.1.31,-0.091370558,0.115879828,-0.014925373,0.15408805,0.155963303,-0.028056112,-0.03979422,-0.017580145,0.098779134,0.183431953,0.503267974,-0.002673797,0.03538175,-0.024390244,0.070229008,0.186495177,0.048648649,-0.059259259,0.284454386,0.052631579
2005.2.28,0.011173184,0.157692308,0.106060606,0.069482289,0.126984127,0.175257732,0.138092237,0.162105263,0.064646465,0.4,0.057971014,0.18766756,-0.010791367,-0.093,-0.032810271,-0.002710027,-0.005154639,0.578740157,0.134462771,0.075757576
2005.3.31,-0.055248619,-0.132890365,0.079452055,-0.136305732,-0.014084507,0.01754386,-0.038814787,-0.057971014,-0.04743833,-0.128571429,-0.104109589,-0.09255079,-0.050909091,-0.019845645,-0.02359882,-0.046195652,-0.050086356,-0.187032419,0.013946757,-0.061971831
2005.4.30,-0.043859649,-0.072796935,-0.121827411,-0.085545723,-0.117857143,0.051724138,-0.073225775,-0.143269231,-0.099601594,-0.057377049,0.00764526,-0.106965174,0.107279693,-0.05511811,-0.019637462,0.253561254,-0.02,-0.042944785,-0.003914529,0.007507508
2005.5.31,0.128440367,0.314049587,0.076589595,-0.017741935,0.170040486,-0.001639344,-0.016372209,-0.107744108,0.081858407,0.134782609,0.198786039,0.002785515,0.031141869,0.029761905,0.026194145,0.070454545,0.051948052,-0.041666667,0.055214191,0.028315946
2005.6.30,-0.013550136,0.06918239,0.10738255,-0.116584565,-0.048442907,-0.014778325,-0.027706084,0.088050314,0.010224949,0.007662835,0.17721519,0.013888889,0.063758389,0.038150289,0.043543544,0.18895966,0.014109347,-0.053511706,-0.028024691,0.082608696
2005.7.31,0.076923077,0.405882353,-0.052121212,0.072490706,0.141818182,-0.01,0.12254185,0.052023121,0.143724696,0.066539924,-0.096774194,0.123287671,0.126182965,0.040089087,0.079136691,0.092857143,0.236521739,0.236749117,0.10961514,0.144578313
2005.8.31,-0.035714286,-0.10460251,-0.020460358,0.149046794,-0.025477707,-0.080808081,-0.106606824,0.186813187,-0.037168142,-0.144385027,-0.005952381,0.043902439,-0.089635854,-0.027837259,-0.012,0.019607843,-0.005625879,0.188571429,0.192364927,-0.01871345
2005.9.30,0.071428571,0.074766355,0.11618799,0.057315234,0.274509804,-0.009157509,0.07951599,-0.037037037,0.080882353,0.097916667,0.177245509,0.093457944,0.095384615,0.123348018,0.156545209,0.057692308,0.152758133,0.298076923,0.127906046,0.10727056
2005.10.31,-0.074074074,-0.17173913,-0.086549708,0.015691869,-0.038461538,-0.059149723,0.026321057,-0.030769231,-0.06122449,-0.028462998,0.017293998,-0.096153846,-0.046348315,-0.014705882,-0.031505251,-0.016666667,-0.060122699,-0.140740741,-0.12500532,-0.082884822
2005.11.30,0.037333333,0.149606299,-0.029449424,0.084269663,0.317333333,0.066797642,0.407703559,-0.005952381,0.083333333,0.1015625,0.115,-0.01891253,0.023564065,0.248756219,0.045783133,0.261941448,0.117493473,-0.047413793,0.075112271,0.39084507
2005.12.31,-0.06940874,0.611872146,-0.068601583,0.321243523,0.074898785,0.031307551,0.162129399,-0.001996008,0.102006689,0.120567376,-0.035874439,-0.026506024,0.087769784,-0.019920319,0.064516129,0.102564103,0.136682243,-0.052036199,0.053427632,0.092827004
2006.1.31,0.060773481,0.056657224,-0.028328612,0.141176471,-0.152542373,0.057142857,-0.062706762,0.128,0.122913505,0.102848101,0.013953488,0.091584158,0.097883598,-0.178861789,-0.096320346,0.040974529,-0.103802672,0.312649165,-0.089726155,-0.069498069
2006.2.28,0.0546875,-0.108579088,0.017492711,0.171821306,-0.062222222,-0.032094595,0.086966199,0.015957447,-0.071621622,-0.021520803,0.142201835,0.0430839,0.010843373,-0.084158416,-0.019161677,0.005319149,-0.047018349,0.047272727,0.104279042,0.049792531
2006.3.31,-0.049382716,-0.130827068,0.068767908,0.117302053,-0.05450237,-0.05061082,-0.046161947,0.029668412,-0.082969432,-0.01026393,-0.024096386,0.089130435,-0.027413588,0.002162162,0.05006105,0.048677249,-0.016847172,0.005208333,0.097037881,0.067193676
2006.4.30,0.150649351,0.140138408,-0.021447721,0.114173228,-0.027568922,-0.03125,0.108078268,0.016949153,0.022222222,-0.026666667,0.098765432,0.0499002,0.026960784,0.020496224,-0.031395349,0.184661958,0.014687882,0.259067358,0.066035776,0.148148148
2006.5.31,0.018058691,-0.028831563,-0.067123288,-0.002355713,-0.162371134,0.062618596,0.001439247,-0.181666667,-0.049689441,-0.063926941,-0.134831461,-0.05513308,-0.064439141,-0.016913319,-0.102040816,-0.206132879,-0.113389626,-0.058984911,0.070797969,0
2006.6.30,-0.095343681,-0.0390625,-0.014684288,-0.121605667,0,-0.107142857,0.017439611,-0.057026477,-0.014705882,-0.094308943,-0.012987013,0.024144869,-0.103316327,0.06344086,0.073529412,-0.066523605,0.096598639,-0.004373178,0.100199011,0.025806452
2006.7.31,-0.026960784,0.056910569,0.002980626,0.13844086,-0.123076923,-0.088,-0.092847635,0.039956803,0.008291874,-0.016157989,0.004385965,-0.084479371,0.018492176,-0.095045501,-0.01120797,0.089655172,-0.093052109,-0.042459736,0.061036115,0.003144654
2006.8.31,-0.057934509,0.132307692,-0.023774146,-0.020070838,0.073684211,0.015350877,-0.045665519,0.036344756,0.069078947,0.045620438,-0.178165939,0.036480687,0.027932961,0.201117318,0.109571788,0.071729958,0.108071135,0.047400612,0.079648518,-0.10031348
2006.9.30,0.077540107,0.013586957,-0.03652968,0.030120482,0.003267974,0.166306695,0.145214936,0.182364729,0.021538462,-0.040139616,0.048884166,0.014492754,0.001358696,0.027906977,0.104426788,0.001968504,0,-0.037956204,0.073763614,0.027874564
2006.10.31,0.014888337,-0.08310992,0.015797788,0.216374269,-0.071661238,-0.051851852,-0.034577237,0,-0.079819277,-0.025454545,-0.040526849,0.067346939,-0.012211669,-0.013574661,-0.054470709,0.035363458,-0.054320988,0.015174507,0.057251139,0.003389831
2006.11.30,0.056234719,0.032163743,0.059097978,-0.046153846,-0.010526316,0.06640625,0.029855829,0.074576271,0.044189853,0.160447761,0.087645195,0.116634799,0.06456044,0.082568807,-0.061956522,0.062618596,-0.080939948,0.037369208,-0.025267257,0.033783784
2006.12.31,0.030092593,0.032577904,0.005873715,-0.005040323,-0.046099291,0.043956044,0.036430776,0.096214511,-0.039184953,-0.040192926,0.004854369,0.058219178,0.094193548,0.046610169,-0.004634994,0.017857143,-0.042613636,-0.027377522,-0.066668841,-0.009803922
2007.1.31,-0.101123596,-0.14266118,-0.046715328,-0.154002026,-0.144981413,-0.101754386,-0.052193566,0.094964029,-0.055464927,-0.040201005,-0.169082126,0.066343042,0,-0.149797571,-0.111757858,-0.154385965,-0.004451039,-0.025185185,0.075397519,-0.105610561
2007.2.28,-0.0175,-0.0032,0.041347626,0.099401198,0.056521739,0.01171875,-0.004460403,0.064388962,-0.020725389,0.085514834,0.002325581,0.071320182,-0.066037736,-0.023809524,0.022280472,0.066390041,0.028315946,0.009118541,0.188195629,0.051660517
2007.3.31,-0.025445293,0.040128411,-0.047058824,0.094771242,0.04526749,-0.054054054,0.098653066,0.00617284,-0.007054674,0.024115756,0.023201856,0.11898017,-0.051767677,-0.037073171,0.035897436,-0.013618677,-0.042028986,0.078313253,0.16770025,0.049122807
2007.4.30,0.026109661,-0.010802469,0.108024691,0.417910448,-0.125984252,0.018367347,0.20000513,-0.049079755,0.019538188,0.073783359,0.241496599,-0.003797468,0.010652463,-0.022289767,-0.070544554,0.104536489,-0.102874433,0.081005587,0.257978007,0.050167224
2007.5.31,0.027989822,-0.102964119,0.064066852,0.038596491,0.076576577,0.038076152,0.247162673,0.296774194,-0.067944251,0.301169591,0.150684932,0.133418043,0.076416337,0.029015544,0.121171771,0.276785714,0.107925801,0.434108527,0.340383541,0.073248408
2007.6.30,0.054455446,0.16,-0.069371728,0.060810811,0.205020921,0.015444015,-0.045449093,-0.08159204,0.057943925,0.073033708,-0.007936508,-0.005605381,0.003671971,0.127895267,0.042755344,-0.054545455,0.111111111,-0.081081081,0.088325786,0.133531157
2007.7.31,-0.037558685,0.127436282,0.135021097,0.302547771,-0.024305556,-0.043726236,0.417134958,0.370530878,0.084805654,0.103664921,0.28,0.204058625,0.07804878,0.008928571,0.138952164,0.195266272,0.112328767,0.31372549,0.042028953,0.240837696
2007.8.31,0.007317073,-0.102393617,-0.063197026,-0.080684597,-0.096085409,-0.045725646,-0.146503997,0.146245059,-0.037459283,0.022770398,0.0125,0.074906367,-0.052036199,-0.061946903,0.01,-0.061881188,-0.142857143,0.119402985,0.029209217,0.054852321
2007.9.30,0.016949153,-0.072592593,0.076719577,-0.079787234,-0.019685039,-0.060416667,-0.025189627,0.04137931,-0.027072758,0.168831169,0.018518519,0.172473868,0.023866348,-0.114150943,-0.038613861,0.153034301,0.061781609,0.029333333,0.143243066,0.088
2007.10.31,0.007142857,-0.201277955,0,0.040462428,-0.168674699,-0.11751663,0.264937873,-0.099337748,-0.043478261,0.293650794,-0.096969697,-0.041604755,-0.076923077,-0.055378062,-0.07415036,0.042334096,-0.039242219,0.150259067,0.182032998,0.165441176
2007.11.30,0.170212766,0.036,0.052825553,-0.252777778,-0.019323671,-0.105527638,-0.008944156,-0.113970588,0.027272727,-0.03803681,0.053691275,-0.089922481,-0.025252525,-0.049605411,-0.041156841,-0.149286498,-0.023943662,-0.123873874,-0.060001145,-0.206624606
2007.12.31,0.006060606,0.001930502,-0.078179697,-0.029739777,-0.004926108,0.092696629,-0.010300262,-0.124481328,-0.015929204,-0.108418367,-0.108280255,-0.02044293,0.027202073,0.029655991,0.011600928,0.138064516,0.033189033,0.015424165,-0.058509679,-0.105367793
2008.1.31,-0.144578313,0.001926782,-0.170886076,-0.168582375,0.024752475,-0.015424165,-0.122398135,-0.170616114,0.070143885,-0.231759657,-0.1,-0.114782609,-0.04665826,-0.078341014,-0.108944954,-0.212018141,0.025139665,-0.188607595,-0.294914596,0.177777778
2008.2.29,-0.096244131,-0.055769231,0.024427481,0.341013825,-0.058937198,0.002610966,0.072706169,0.067428571,-0.058823529,0.240223464,-0.003968254,0.041257367,-0.12037037,-0.0125,-0.061776062,0.241726619,-0.089918256,0.159126365,0.222753029,0.075471698
2008.3.31,-0.031168831,0.134419552,-0.059612519,-0.178694158,0.170431211,-0.059895833,-0.261413709,-0.135974304,0.1125,0.121621622,-0.027888446,-0.101886792,-0.096240602,0.015189873,0.058984911,-0.003476246,0.181137725,-0.067294751,-0.028831948,-0.047368421
2008.4.30,0.08847185,-0.037701975,0.072900158,0.012552301,0.171052632,0.022160665,0.011226039,0.104089219,0.141252006,0.117804552,0.258196721,0.030462185,0.12312812,0.170822943,0.190414508,0.072093023,0.072243346,0.138528139,-0.03373761,-0.044198895
2008.5.31,0.002463054,0.156716418,0.091580502,0.08677686,-0.086142322,-0.021680217,-0.02777099,-0.01010101,0.042194093,-0.035928144,0.003257329,0.139653415,-0.011851852,0.171458999,-0.001088139,-0.046637744,-0.007092199,0.048162231,0.047485802,-0.082851638
2008.6.30,-0.063882064,-0.193548387,-0.090663058,0.087452471,-0.094262295,0.238227147,-0.062855707,-0.154195011,-0.156545209,-0.156521739,-0.016233766,-0.026833631,-0.077961019,-0.054545455,-0.077342048,-0.209328783,-0.154761905,-0.047158404,-0.135999366,0.151260504
2008.7.31,0.015748031,-0.134,0.025297619,-0.020979021,0.140271493,0.013422819,-0.084351891,0.016085791,-0.0976,-0.036818851,0.095709571,-0.005514706,0.05203252,-0.019230769,0.047225502,-0.010071942,0.007042254,-0.118020305,-0.038582937,-0.102189781
2008.8.31,0.036175711,-0.103926097,-0.058055152,-0.092857143,0.03968254,-0.030905077,-0.138738362,-0.142480211,-0.085106383,-0.041284404,-0.012048193,-0.128465804,0.023183926,0,0.025930101,-0.180232558,0.002797203,-0.267625899,-0.231140294,-0.117886179
2008.9.30,0.024937656,-0.00257732,0.057010786,-0.254330709,0.118320611,0.006833713,-0.045087941,0.038461538,0.044573643,-0.028708134,-0.045731707,-0.062566278,-0.078549849,0.029411765,0.00989011,0.239361702,0.025104603,0.149312377,0.123176982,-0.276497696
2008.10.31,-0.00243309,-0.441860465,-0.058309038,-0.330517423,-0.269624573,-0.058823529,-0.031036939,-0.22962963,-0.00742115,-0.167487685,-0.178913738,-0.180995475,-0.150819672,-0.171428571,-0.184983678,-0.253218884,-0.2,-0.374358974,-0.381042216,-0.187898089
2008.11.30,0.06097561,-0.313888889,0.020123839,0.09148265,-0.345794393,0.084134615,0.075194287,-0.149038462,-0.091588785,-0.181459566,0.143968872,-0.060773481,0.075289575,-0.064367816,-0.17222964,-0.040229885,-0.294217687,-0.099726776,-0.075073884,0.168627451
2008.12.31,-0.03908046,-0.095816464,-0.06676783,0.056358382,-0.064285714,0.084257206,-0.015554796,0.168361582,-0.072016461,0.028915663,-0.020408163,0.117647059,0.062836625,-0.109336609,0.017741935,0.139720559,-0.048192771,0.141122914,0.295455195,-0.137583893
2009.1.31,-0.007177033,0.340298507,-0.047154472,0.23119015,0.201526718,-0.1799591,-0.068411261,0.141199226,0.082039911,-0.086651054,-0.076388889,-0.052631579,-0.045608108,-0.034482759,0.033280507,0.010507881,0.202531646,0.007978723,0.002505118,0.003891051
2009.2.28,-0.096385542,-0.037861915,-0.104095563,-0.002222222,-0.147395172,0.132169576,-0.132758208,-0.203389831,-0.022540984,0.046153846,-0.146616541,-0.125,-0.150442478,-0.002857143,0.142638037,-0.10745234,0.025263158,-0.08707124,-0.112498142,0.054263566
2009.3.31,0.024,0.429398148,0.072380952,0.258351893,0.27123696,-0.052863436,0.125387615,0.261702128,0.190775681,0.205882353,0.118942731,0.157142857,0.060416667,0.107449857,0.068456376,0.145631068,0.13963039,0.238439306,0.101405324,0.235294118
2009.4.30,-0.044270833,0.165991903,0.063943162,0.225663717,0.31887456,0.004651163,0.131714636,0.29005059,0.042253521,0.152439024,-0.039370079,0.089163237,0.100196464,0.135834411,0.233668342,0.025423729,0.234234234,0.26487748,0.176468932,-0.053571429
2009.5.31,-0.040871935,-0.104166667,-0.035058431,0.025270758,0.062222222,-0.018518519,-0.042210062,0.003921569,-0.057432432,0.139329806,0.12704918,0.057934509,0.0125,0.235763098,0.201629328,0.061157025,0.011678832,0.105166052,-0.065216455,-0.062893082
2009.6.30,-0.011363636,0.058139535,-0.015570934,-0.024647887,0.054393305,0.080188679,-0.04940602,-0.001302083,0.0609319,-0.057275542,-0.069090909,0.008333333,0.045855379,-0.111520737,-0.055084746,-0.168224299,0.069264069,-0.015025042,-0.113952762,0.073825503
2009.7.31,0.066091954,0.289377289,0.028119508,0.014440433,0.218253968,0.072052402,0.254229659,0.205997392,0.222972973,0.087027915,0.0625,0.185360094,0.123102867,0.036307054,0.161434978,0.185393258,0.188933873,0.216949153,0.128607999,0.0625
2009.8.31,-0.056603774,0.247159091,-0.017094017,-0.028469751,0.100977199,-0.034623218,-0.063836524,0.014054054,0.064917127,0.149546828,0.011029412,-0.080677291,-0.058558559,0.196196196,0.023166023,-0.048973144,0.203178207,0.104456825,-0.113952762,-0.117647059
2009.9.30,0.042857143,-0.097949886,0.083478261,0.285714286,0.100591716,0.073839662,0.148330214,-0.054371002,0.057068742,0.038107753,0.04,0.055254605,0.141945774,-0.008368201,0.249056604,0.063122924,0.051886792,-0.039092055,-0.055116063,0.153333333
2009.10.31,-0.005479452,-0.088383838,-0.073836276,0.065527066,-0.032258065,-0.05697446,-0.04479136,-0.066516347,-0.112883436,-0.134177215,0.020979021,0.034907598,-0.05027933,-0.016877637,-0.03021148,0.04375,-0.01793722,0.014435696,-0.077778797,0.023121387
2009.11.30,-0.066115702,0.022160665,-0.051993068,0.14171123,-0.047222222,-0.004166667,0.078509169,0.134057971,-0.004149378,-0.070175439,-0.068493151,0.107142857,-0.061764706,0.030042918,-0.07165109,-0.00748503,-0.095890411,0.003880983,-0.093377189,0.084745763
2009.12.31,0,0.254742547,-0.012797075,-0.044496487,0.16909621,0.041841004,0.110211006,0.091586794,0.109722222,0.141509434,0.117647059,0.107526882,0.068965517,0.120833333,0.147651007,0.069381599,0.222222222,0.114690722,0.15282776,0.072916667
2010.1.31,0.079646018,-0.017278618,-0.046296296,-0.169117647,-0.024937656,-0.086345382,0.029152717,0.097560976,-0.018773467,-0.133608815,-0.125,-0.132686084,0.124633431,-0.115241636,-0.134502924,-0.09167842,-0.066115702,-0.013872832,0.077812322,-0.036407767
2010.2.28,-0.057377049,-0.076923077,0.05631068,0.079646018,0.112531969,-0.037362637,0.028310228,0.062222222,-0.051020408,-0.030206677,-0.022556391,-0.01119403,-0.032594524,0.092436975,0.003378378,-0.069875776,0.017699115,0.041031653,0.104277288,0.007556675
2010.3.31,0.005797101,0.271428571,0.047794118,0.103825137,0.16091954,0.03652968,0.144581441,-0.050209205,0.099462366,0.163934426,0,-0.003773585,-0.014824798,0.046153846,0.01010101,0.03672788,0.004347826,-0.032657658,0.147696015,0.135
2010.4.30,-0.008645533,0.063670412,-0.00877193,-0.032178218,0.085148515,-0.059471366,0.055646899,0.27753304,0.037897311,0.070422535,0.069230769,-0.054924242,-0.073871409,0.102941176,0.24,-0.128824477,0.186147186,0.061699651,0.069621076,-0.011013216
2010.5.31,-0.049418605,-0.11443662,-0.084955752,0.010230179,0.142335766,0.067915691,0.02563173,-0.131034483,-0.08598351,-0.115789474,0.017985612,-0.054108216,-0.025110783,0.1,0.069892473,-0.038817006,0.02189781,-0.032894737,-0.151873999,-0.055679287
2010.6.30,-0.018348624,-0.003976143,0.040618956,0.103797468,0.044728435,0.004385965,0.13889798,0.162698413,-0.00257732,-0.017857143,-0.014134276,-0.011652542,-0.042424242,-0.006060606,0.040201005,0.090384615,0.032142857,0.024943311,0.093026947,0.169811321
2010.7.31,0.037383178,-0.101796407,0.050185874,0.080275229,-0.055045872,-0.019650655,-0.100003448,0.177474403,0.046511628,0.239393939,0.075268817,0.054662379,0.050632911,0.054878049,-0.012077295,0.114638448,0.031141869,0.133849558,0.142548647,0.028225806
2010.8.31,-0.03003003,-0.062222222,0.02300885,0.13163482,-0.003236246,-0.051224944,-0.012197147,0.084057971,-0.066666667,0.051344743,-0.08,-0.011178862,-0.121987952,0.043352601,0.061124694,0.012658228,-0.05033557,0.053658537,-0.016756249,0.103921569
2010.9.30,0.061919505,0.049763033,0.219723183,0.174484053,0.194805195,0.023474178,0.064466913,0.136363636,0.027777778,-0.040697674,0.18115942,0.060637205,0.008576329,0.182825485,0.184331797,0.1328125,0.081272085,0.083333333,0.240528392,0.159857904
2010.10.31,-0.005830904,0.045146727,-0.015602837,-0.094249201,0.220108696,-0.050458716,-0.0773127,0.167058824,-0.041184041,-0.024242424,-0.104294479,-0.104651163,0.006802721,-0.021077283,0.089494163,0.03862069,0.111111111,-0.068376068,0.119083313,-0.122511485
2010.11.30,0.002932551,0.01511879,0.155619597,-0.017636684,0.090200445,-0.012077295,-0.008385661,-0.018145161,0.108724832,0.014906832,-0.095890411,-0.016233766,-0.064189189,-0.100478469,-0.017857143,-0.160690571,0.014705882,0.009174312,0.013642344,0.010471204
2010.12.31,0.014619883,0.021276596,0.153366584,-0.007181329,0.033707865,-0.004889976,-0.019714308,0.104722793,0.148910412,0.068543452,-0.015151515,0.071507151,0.090252708,0.063829787,0.034545455,0.143987342,0.005797101,0.131818182,0.192464057,-0.041450777
2011.1.31,-0.051873199,0.235416667,0.205405405,0.074141049,0.081027668,0.004914005,0.04454165,0.342007435,0.033719705,-0.024054983,-0.007692308,-0.067761807,-0.059602649,-0.115,-0.091388401,0.201936376,0.031700288,0.116465863,0.094807021,0.021621622
2011.2.28,-0.009118541,-0.043844857,-0.035874439,0.124579125,0.049360146,0.014669927,-0.154064566,-0.138504155,-0.059123344,-0.089201878,-0.046511628,0.013215859,-0.028169014,-0.028248588,0.015473888,-0.14269275,-0.005586592,-0.068345324,-0.103091146,-0.051146384
2011.3.31,0.003067485,0.104056437,0.413953488,0.194610778,0.202090592,0.171084337,0.069918923,0.245980707,0.009750813,0.054123711,0.06504065,0.097826087,-0.025362319,0.218023256,0.247619048,0.063087248,0.140449438,0.081081081,0.190803242,-0.050185874
2011.4.30,-0.006116208,0.079872204,0.049342105,0.05764411,0.114492754,0.026748971,-0.004555287,-0.024516129,-0.041845494,0.204156479,0.011450382,-0.073267327,-0.048327138,0.045346062,0.096183206,0.13510101,0.214285714,-0.028571429,0.032818414,0.031311155
2011.5.31,-0.015384615,-0.109467456,-0.040752351,-0.033175355,-0.015604681,0.008016032,-0.035112461,0.047619048,0.010078387,-0.086294416,-0.01509434,-0.06517094,0.166015625,0.02739726,0.054317549,-0.065628476,0.024340771,-0.125,-0.056073843,0.10056926
2011.6.30,0.009375,-0.167774086,-0.10130719,0.003676471,-0.044914135,-0.031809145,0.102847087,-0.001262626,-0.084257206,-0.107777778,0.084291188,0.060571429,-0.050251256,0.142222222,0.05680317,0.025,-0.061386139,0.088235294,-0.121783106,-0.067241379
2011.7.31,-0.089783282,-0.031936128,0.083636364,0.068376068,0.070539419,0.039014374,-0.035863524,0.092288243,0.021791768,-0.01867995,0.137809187,0.001077586,-0.095238095,0.001945525,-0.05,0.003484321,-0.008438819,0.003861004,-0.08004577,0.134935305
2011.8.31,0.054421769,-0.212371134,-0.181208054,-0.04,-0.087855297,-0.055335968,-0.135423241,-0.173611111,-0.118483412,-0.204314721,-0.099378882,-0.129171152,-0.1208577,-0.085436893,-0.113157895,-0.178240741,-0.136170213,-0.165384615,-0.150734015,-0.006514658
2011.9.30,-0.035483871,0.117801047,-0.139344262,-0.305952381,0.018413598,-0.106694561,-0.239243997,-0.18487395,0.129032258,-0.036682616,-0.103448276,-0.082818294,-0.066518847,0.040339703,0.013353116,-0.13943662,0.039408867,-0.187096774,-0.189032488,0.163934426
2011.10.31,-0.010033445,0.070257611,0.119047619,0.12864494,0.005563282,0.023419204,0.131234939,0.058419244,0.152380952,0.094370861,0.007692308,0.04851752,0.19239905,-0.026530612,-0.054172767,0.176759411,0.075829384,0.162131519,0.076512644,0.066197183
2011.11.30,0.027027027,0.004376368,-0.09787234,0.024316109,-0.034578147,0.073226545,-0.082002752,0.003246753,0.037190083,-0.074130106,-0.007633588,-0.042416452,-0.001992032,-0.073375262,-0.060371517,-0.102920723,-0.061674009,-0.063414634,-0.11074397,-0.009247028
2011.12.31,-0.069078947,-0.043572985,-0.056603774,-0.097922849,-0.044412607,-0.008528785,-0.052282481,-0.035598706,0.053784861,0.003267974,0.192307692,0.020134228,0.01996008,-0.013574661,-0.037891269,0.091472868,0,-0.003125,-0.044609681,0.026666667
2012.1.31,0.007067138,0.223234624,0.22,0.261513158,0.011994003,0.017204301,0.17011549,0.229865772,0.0463138,0.146579805,0.032258065,0.090789474,0.091976517,-0.018348624,-0.051369863,0.017045455,0.037558685,0.133751306,0.212059298,0.148051948
2012.2.29,0.021052632,0.124767225,0.028688525,0.143415906,0.047407407,0.025369979,0.037313433,-0.034106412,0.089430894,-0.007102273,0,0.003618818,-0.100358423,0.088785047,0.028880866,0.182960894,-0.022624434,0.055299539,0.08988907,-0.038461538
2012.3.31,-0.041237113,-0.031456954,-0.107569721,-0.10718358,0.048090523,-0.06185567,-0.053019619,-0.049435028,0.05721393,-0.070100143,-0.025,-0.086538462,-0.107569721,-0.053648069,0.005263158,-0.046044864,0.078703704,-0.109170306,-0.053020846,0.135294118
2012.4.30,-0.032258065,-0.041025641,-0.125892857,-0.0651341,0.125506073,-0.004395604,-0.109996795,-0.191679049,0.090196078,-0.113846154,0.064102564,-0.011842105,-0.03125,0.0430839,0.073298429,-0.116336634,0.152360515,-0.033333333,-0.119751417,0.096373057
2012.5.31,-0.107407407,-0.176470588,-0.053115424,-0.030054645,-0.038369305,-0.070640177,0.015716343,-0.080882353,-0.128776978,-0.045138889,-0.024096386,-0.035952064,0.036866359,-0.130434783,-0.099186992,-0.068627451,-0.091247672,-0.140973631,-0.056534711,0.017013233
2012.6.30,0.037344398,0.032467532,-0.020496224,0.084507042,-0.068578554,-0.019002375,0.112837302,-0.054,-0.008257638,0,0.00617284,0.004143646,0.14,0.21,-0.009025271,-0.022556391,-0.047131148,-0.008264463,-0.035580733,0.033457249
2012.7.31,0.156,-0.090146751,0.059471366,-0.002597403,0.045515395,0.070217918,-0.03976389,0.00845666,0.089925062,0.063636364,0.015337423,0.002751032,-0.013645224,0.053719008,0.091074681,-0.083076923,0.019354839,0,-0.060196565,-0.128597122
2012.8.31,0.006920415,-0.023041475,0.070686071,0.065104167,-0.051216389,0.131221719,-0.016568117,-0.018867925,-0.058059587,0.07008547,0.220543807,0.012345679,-0.027667984,-0.054901961,0.026711185,0.063758389,0.014767932,-0.004761905,-0.043386888,0.108359133
2012.9.30,0.010309278,0.073113208,0.029126214,0.194376528,-0.0634278,0.062,0.001051713,0.134615385,0.091646391,-0.006389776,0.232673267,-0.009485095,0.134146341,-0.045643154,0.009756098,0.06466877,0.047817048,0.056220096,0.090714129,0.031657356
2012.10.31,0.044217687,0.092307692,-0.05754717,-0.082906858,-0.126801153,-0.028248588,0.029456657,-0.16007533,-0.026745914,0.07073955,-0.048192771,-0.060191518,0.014336918,-0.117391304,-0.104669887,-0.026666667,-0.109126984,-0.110985277,-0.0930703,-0.16967509
2012.11.30,-0.019543974,-0.018108652,-0.02002002,-0.025669643,0.021452145,-0.013565891,-0.081720679,-0.038116592,0.073282443,-0.024024024,-0.071729958,-0.058224163,-0.056537102,0.199507389,0.026978417,0.03500761,0.004454343,0.022929936,-0.078600374,0.05
2012.12.31,0.013289037,0.055327869,0.062308478,-0.072164948,-0.08723748,0.066797642,0.007779572,0.144522145,0.082503556,0.003076923,-0.006818182,0.078825348,0.140449438,-0.026694045,0.008756567,0.029411765,-0.031042129,0.093399751,0.146914585,-0.090062112
2013.1.31,0.098360656,-0.052427184,-0.058653846,-0.051851852,-0.084955752,0.027624309,0.003308365,0.028513238,-0.048620237,-0.016871166,0.086956522,0.021489971,0.064039409,0.029535865,-0.010416667,-0.02,-0.061784897,-0.055808656,-0.111569534,0.043230944
2013.2.28,0.065671642,0.086065574,0.020429009,-0.020833333,0.081237911,0.032258065,-0.027499533,-0.057425743,0.066298343,0.028081123,0.061052632,-0.008415147,0.007716049,0.020491803,0.098245614,-0.002915452,0.063414634,0.026537998,-0.002324522,0.039258451
2013.3.31,0.011204482,0.08490566,-0.067067067,-0.061170213,-0.005366726,0.083333333,-0.074659331,-0.168067227,-0.011010363,-0.009104704,0.28968254,-0.077793494,-0.071975498,0.116465863,-0.017571885,-0.021929825,0.027522936,-0.048178613,-0.016314696,0.154249738
2013.4.30,0.072022161,0.04,-0.050429185,-0.106232295,-0.014388489,0.075320513,-0.136914639,-0.179292929,-0.004584152,0.004594181,0.461538462,-0.036809816,0.044554455,0.070143885,-0.18699187,-0.136023916,-0.109375,-0.059259259,-0.047397692,0.058181818
2013.5.31,0.082687339,0.076923077,-0.010169492,0.036450079,0.082116788,-0.128166915,0.045312542,0.018461538,0.011842105,0.071646341,-0.172631579,0.025477707,-0.153238547,0.117647059,0.14,0.062283737,0.065162907,-0.053805774,-0.014924065,0.073883162
2013.6.30,0.002386635,-0.031055901,-0.164383562,-0.152905199,0.047217538,-0.092307692,-0.166649637,-0.135951662,-0.127438231,-0.096728307,-0.094147583,-0.072981366,-0.01119403,0.090225564,-0.042105263,-0.089576547,0.061176471,-0.109570042,-0.073232295,-0.024
2013.7.31,0.05,-0.128205128,0.031420765,0.034296029,0.025764895,-0.018832392,-0.082945071,0.188811189,-0.046199702,0.028346457,0.105337079,0.083752094,0.081132075,-0.08,0.003663004,0.059033989,0.031042129,0.065420561,0.144414316,0.090163934
2013.8.31,0.004535147,0.038602941,0.017218543,0.115183246,0.054945055,-0.082533589,0,0.008823529,0.06875,0.026033691,-0.171537484,-0.00309119,0.071553229,0.142428786,0.018248175,-0.030405405,0.070967742,0.073099415,0.083332023,0.012030075
2013.9.30,-0.013544018,0.07079646,0.014322917,0.017214397,-0.02827381,0.073221757,0.126880139,0.157434402,-0.000730994,-0.011940299,0.148773006,-0.009302326,-0.021172638,0.069553806,0.025089606,0.076655052,0.008032129,0.126702997,0.160444006,-0.041604755
2013.10.31,0.038901602,0.056198347,-0.005134788,-0.046153846,-0.055130168,0.001949318,-0.098000831,0.095717884,0.071689832,-0.052870091,-0.085447263,-0.009389671,-0.056572379,-0.025766871,0.047202797,-0.014563107,0.007968127,0.058041112,-0.039775333,0.062015504
2013.11.30,-0.004405286,0.107981221,-0.021935484,-0.070967742,-0.021069692,-0.035019455,-0.105754686,0.006896552,0.019795222,-0.003189793,0.00729927,0.034755134,0.128747795,-0.035264484,0.025041736,0.032840722,-0.003952569,-0.056,0.071008281,0.002919708
2013.12.31,0.017699115,0.039548023,-0.023746702,0.104166667,-0.071192053,0.012096774,0.024637788,0.059360731,-0.081659973,0.024,0.153623188,-0.003053435,0.0859375,0.011749347,-0.043973941,-0.034976153,-0.061507937,0.044794189,-0.053406856,-0.03202329
2014.1.31,-0.058695652,0.028532609,-0.072972973,0.094339623,-0.037433155,0.089641434,0.133039047,-0.088362069,-0.067055394,-0.1015625,-0.010050251,-0.08575804,0.015827338,0.014193548,0.056218058,-0.037891269,-0.00845666,-0.114716107,-0.126461152,0.172932331
2014.2.28,0,0.023778071,-0.04664723,-0.020114943,0.025925926,0.093235832,-0.022647366,-0.040189125,0.05390625,-0.026086957,0.016497462,-0.048576214,0.04815864,0.011450382,0.011290323,0,0.044776119,-0.109947644,-0.022271365,0.067948718
2014.3.31,-0.004618938,-0.070967742,-0.058103976,-0.030791789,0.070397112,-0.001672241,0.115763547,-0.073891626,-0.004447739,0.033928571,-0.066167291,0.042253521,-0.014864865,0.222641509,0.004784689,-0.04109589,0.024489796,0.011764706,-0.038721746,0.033613445
2014.4.30,-0.009280742,0.115277778,-0.019480519,0.030257186,-0.033726813,0.030150754,-0.136168235,-0.132978723,0,-0.006908463,0.094919786,0.038851351,0.083676269,-0.113168724,-0.063492063,-0.003571429,-0.083665339,-0.018895349,-0.082942048,0.009291521
2014.5.31,0.028103044,0.099626401,-0.087748344,0.091042584,0.02617801,0.009756098,0.001479489,-0.012269939,0.074460164,0.055652174,0.080586081,-0.060162602,-0.010126582,0.102088167,-0.023728814,-0.043010753,-0.023913043,0.019259259,-0.043924723,0.064441887
2014.6.30,0.077448747,0.099660249,0.032667877,0.068640646,-0.037414966,-0.080515298,0.001510878,0.145962733,-0.083853084,0.029654036,0.168361582,0.051903114,-0.046035806,-0.035789474,-0.013888889,0.078651685,0.022271715,0.081395349,-0.043247232,-0.011891892
2014.7.31,0.11627907,-0.063851699,-0.029876977,0.04534005,0.075971731,-0.085814361,0.077843709,-0.043360434,0.015885023,0.1104,0.030947776,0.110197368,0.138069705,0.113537118,0.088028169,0.100694444,0.069716776,0.064516129,-0.149717953,0.203501094
2014.8.31,0.034090909,-0.00110011,-0.151268116,0.013253012,0.004926108,-0.034482759,0.012503499,-0.073654391,-0.081161579,0.021613833,0.161350844,-0.01037037,-0.005889282,0.056862745,-0.048543689,0.007886435,-0.050916497,-0.044191919,-0.043184411,0.081818182
2014.9.30,0.062271062,0.029735683,-0.086446105,-0.072532699,-0.12254902,0.079365079,-0.012349092,-0.140672783,-0.040518639,0.083215797,-0.003231018,-0.016467066,0.142180095,-0.050092764,-0.12585034,-0.056338028,-0.182403433,-0.019815059,-0.045141119,0.004201681
2014.10.31,-0.079310345,0.014973262,-0.050233645,0.032051282,-0.029795158,-0.018382353,0.054181829,0.03202847,0.050675676,-0.171875,-0.081037277,-0.068493151,-0.036307054,-0.067382813,-0.027237354,-0.194859038,-0.107611549,-0.082210243,-0.278543236,-0.158995816
2014.11.30,0.050561798,0.012644889,0.035670357,0.062111801,0.069097889,-0.005617978,0.106718201,0.213793103,0.034565916,0.023584906,-0.068783069,-0.011437908,-0.009687836,-0.115183246,-0.012,-0.077239959,0.052941176,-0.06020558,0.24495367,-0.109452736
2014.12.31,-0.04456328,-0.006243496,0.149643705,-0.056140351,-0.061041293,-0.048964218,0.129752066,-0.090909091,0.031080031,-0.059907834,-0.079545455,-0.089256198,-0.07173913,0.14556213,-0.044534413,-0.060267857,-0.055865922,-0.0078125,-0.068821364,0.02122905
2015.1.31,0.078358209,-0.002094241,0.25,0.064436183,-0.120458891,-0.083168317,0.001061897,0.090625,0.028636021,0.011437908,0.170781893,-0.083484574,0.011709602,-0.040289256,0.050847458,0.036817102,0.00295858,0.037795276,-0.017392886,0.115973742
2015.2.28,-0.008650519,-0.022035677,0.07107438,-0.046565774,-0.010869565,0.095032397,0.112512376,0.091690544,-0.005860806,0.027463651,0.04745167,0.059405941,0.034722222,-0.077502691,0.006048387,0.131729668,-0.053097345,0.016691958,0.061947765,-0.029411765
2015.3.31,-0.04886562,-0.022532189,-0.007716049,0.035409035,-0.006593407,-0.039447732,-0.032863651,0.06824147,0.061901253,-0.036163522,0.001677852,-0.085981308,0.029082774,-0.103850642,-0.012024048,0.020242915,0.049844237,0.089552239,0.016668196,-0.011111111
2015.4.30,0.053211009,0.013172338,0.141524106,0.126179245,0.097345133,0.006160164,-0.056655858,0.233415233,-0.021512838,0.088091354,0.179229481,0.030674847,0.018478261,0.052083333,-0.040567951,0.029761905,0.002967359,0.078082192,0.14753625,0.092951992
2015.5.31,-0.141114983,0.107258938,-0.100817439,0.051308901,-0.039314516,0.146938776,-0.11679595,-0.059760956,-0.073049645,-0.065967016,0.029829545,-0.031746032,-0.013874066,-0.086633663,-0.054968288,-0.147398844,-0.065088757,-0.052096569,-0.071427448,0.11682243
2015.6.30,0.014198783,-0.17221135,0.024242424,0.085657371,-0.049317943,0.033807829,0.001235899,0.224576271,-0.029839327,-0.008025682,0.095172414,-0.081967213,-0.008658009,0.044715447,-0.051454139,-0.072316384,-0.139240506,-0.092493298,-0.146154758,-0.066945607
2015.7.31,-0.002,-0.122931442,-0.072485207,-0.097247706,-0.030905077,0.068846816,-0.133338586,-0.098615917,-0.065457413,-0.061488673,0.035264484,-0.122767857,0.111353712,-0.057068742,0.007075472,-0.161997564,0.095588235,-0.137370753,-0.126128092,0.130044843
2015.8.31,-0.022044088,-0.035040431,-0.043062201,0.042682927,0.109339408,0.185185185,-0.051274281,-0.051823417,-0.081012658,0.003448276,0.267639903,-0.03307888,-0.05697446,0,-0.032786885,-0.034883721,0,-0.094178082,-0.056697989,-0.043650794
2015.9.30,0.077868852,-0.062849162,0.043333333,-0.092592593,0.100616016,-0.005434783,-0.058581148,0.093117409,0.041322314,0.046391753,-0.002879079,-0.113157895,0.020833333,0.079779917,0.121065375,0.030120482,0.100671141,-0.026465028,0.054643888,-0.045643154
2015.10.31,-0.08365019,-0.084947839,0.091054313,0.018259936,0.041044776,0.008196721,-0.015946799,-0.109259259,0.209876543,0.083743842,0.009624639,0.080118694,0.048979592,0.143949045,0.036717063,0.011695906,-0.048780488,0.011650485,-0.0134722,-0.043478261
2015.11.30,-0.029045643,0.029315961,0.086383602,-0.040084388,-0.059139785,0.12601626,-0.082646623,0,-0.064139942,0.115151515,-0.007626311,-0.071428571,-0.04766537,0.016703786,0.039583333,-0.076589595,-0.054487179,-0.024952015,-0.048322753,-0.177272727
2015.12.31,-0.079059829,-0.026898734,0.070080863,0.030769231,0.001904762,0.057761733,-0.021198226,0.012474012,-0.018691589,-0.038043478,0.176753122,-0.014792899,0.02145046,0.136911281,-0.012024048,-0.106416275,0.010169492,-0.016732283,-0.030898399,-0.145856354
2016.1.31,-0.030162413,-0.112195122,-0.01511335,-0.070362473,-0.141634981,0.065984073,-0.106520237,0.12936345,-0.087301587,0.040960452,0.154285714,0.072072072,0.052,0.011560694,0.048681542,0.285464098,-0.10738255,-0.022022022,0.047831593,-0.157826649
2016.2.29,0.11722488,0.098901099,0.010230179,0.024082569,0.021040975,-0.133404482,0.038421867,0.161818182,0.024347826,-0.02578019,-0.189533239,0.112044818,0.115969582,-0.053333333,-0.036750484,0.035422343,0.109022556,0.138178096,0.11957068,-0.026113671
2016.3.31,-0.107066381,-0.061666667,0.239240506,0.078387458,0.047722343,-0.014778325,0.20619154,0.06885759,0.113752122,-0.045961003,-0.208551483,0.105793451,0.025553663,-0.07444668,0,0.109210526,0.033898305,-0.001798561,0.033975654,0.048895899
2016.4.30,-0.011990408,0,-0.11031665,0.029075805,-0.008281573,-0.06625,-0.058056547,-0.143484627,-0.051067073,-0.005839416,-0.099228225,0.095671982,0.026578073,0.119565217,0.046184739,-0.046263345,-0.059016393,0.133333333,0.089202654,0.102255639
2016.5.31,0.077669903,0.019538188,-0.013777268,-0.05247225,-0.026096033,0.020080321,-0.051362378,-0.029059829,0.037751004,-0.032305433,0.037943696,-0.135135135,0.017799353,0.199029126,-0.021113244,-0.149253731,-0.027874564,-0.222575517,-0.056037428,-0.10095498
2016.6.30,-0.029279279,0.128919861,-0.118742724,0.08200213,-0.073954984,-0.018372703,-0.063167191,-0.003521127,0.102941176,-0.033383915,-0.029481132,-0.03125,-0.039745628,-0.149797571,-0.011764706,-0.024853801,-0.028673835,-0.062372188,-0.036523208,0.030349014
2016.7.31,0.067285383,0.061728395,0.010568032,0.001968504,-0.024305556,-0.10026738,0.098249785,0.072438163,0.08,-0.003139717,-0.051032807,0.124069479,0.014900662,0.09047619,0.011904762,0.103448276,-0.025830258,0.103598691,0.189569899,-0.122238586
2016.8.31,-0.05,0.059593023,-0.075816993,-0.059921415,-0.004744958,-0.108469539,0.107001568,-0.116968699,0.052631579,0.037795276,-0.104993598,0.01986755,-0.053833605,0.021834061,0.021568627,0.047554348,0.007575758,0.013833992,0.095617775,0.137583893
2016.9.30,0.034324943,0.102880658,0.148514851,0.00522466,0.00476758,0.046666667,0.107784633,0.111940299,-0.013580247,-0.018209408,0.072961373,-0.017316017,-0.068965517,0.05982906,0.055662188,0.018158236,0.018796992,-0.009746589,0.003634704,-0.107669617
2016.10.31,-0.011061947,0.019900498,-0.033251232,-0.054054054,-0.034400949,-0.082802548,-0.084393451,-0.031879195,0.025657071,-0.052550232,-0.122666667,0.044052863,-0.087962963,-0.137096774,-0.003636364,0.056050955,0.033210332,-0.027559055,0.054347046,-0.052892562
2016.11.30,0.011185682,0.046341463,0.070063694,0.037362637,-0.081081081,0.130208333,-0.023466844,0.114384749,0.06528371,-0.078303426,0.051671733,0.052742616,-0.055837563,-0.087850467,-0.091240876,-0.05066345,-0.05,0.010121457,-0.024051629,-0.120418848
2016.12.31,-0.008849558,0.041958042,0.008333333,0.006355932,0.049465241,0.021505376,-0.124783008,0.147744946,0.03207331,0.061946903,-0.043352601,0.032064128,-0.052688172,0.055327869,0.060240964,0.087674714,0.097744361,0.142284569,0.024644366,-0.044642857
2017.1.31,-0.004464286,0.201342282,-0.042502952,0.031578947,-0.072611465,-0.043609023,0.024773461,0.020325203,0.094894562,-0.013333333,-0.018126888,0.052427184,-0.036322361,-0.117475728,-0.083333333,-0.029205607,-0.044520548,0.021052632,-0.089344349,-0.099688474
2017.2.28,0.038116592,-0.130353818,0.065351418,-0.15,0.050824176,-0.009433962,0.096774194,-0.03187251,-0.025848961,0.060810811,0.150769231,0.046125461,0.027090695,0.00770077,0.053719008,0.150421179,0.071684588,0.073883162,0.241507083,0.178777393
2017.3.31,0.088552916,0.08137045,0.163194444,0.037214886,-0.031372549,-0.050793651,0.091695502,0.016460905,0.071800208,0.117834395,0.016042781,0.026455026,0.065366972,0.013100437,-0.056862745,0.035564854,0.053511706,-0.064,0.003044822,-0.11741683
2017.4.30,-0.049603175,0.069306931,-0.007960199,-0.015046296,-0.059379217,0.060200669,-0.028526149,-0.076923077,0.083009709,-0.037037037,-0.030263158,-0.080756014,-0.023681378,-0.088362069,-0.076923077,-0.019191919,-0.085714286,-0.061538462,0,0.126385809
2017.5.31,0.058455115,0.055555556,0.038114343,0.029377203,0.120516499,0.094637224,0.158238173,0.054093567,0.001792918,0.198224852,0.15468114,0.054205607,-0.058434399,0.223404255,0.236486486,0.003089598,0.131944444,0.078324226,0.101908746,0.196850394
2017.6.30,0.049309665,0.18245614,-0.084057971,0.04109589,-0.021766965,-0.027377522,0.090140845,-0.045769764,0.063534676,-0.045679012,-0.071680376,0.017730496,-0.044496487,-0.004830918,-0.089253188,-0.054414784,-0.021472393,0.050675676,0.020228379,-0.060855263
2017.7.31,0.045112782,-0.020771513,0.228902954,0.082236842,-0.041884817,-0.053333333,-0.080103359,0.072674419,0.013883046,-0.02457956,-0.008860759,0.156794425,0.091911765,-0.004854369,-0.016,-0.016286645,-0.090909091,0.008038585,-0.011329041,0.138353765
2017.8.31,-0.088129496,0.039393939,0.077253219,0.045592705,-0.031420765,0.040688576,-0.06741573,0.082655827,-0.039004149,0.114058355,-0.028097063,0.034638554,-0.037037037,0.126829268,-0.040650407,-0.102649007,-0.031034483,-0.079744817,-0.148995174,-0.047692308
2017.9.30,0.00591716,0.20845481,0.015936255,-0.039728682,-0.10719323,0.031578947,-0.072289157,-0.053817272,0.107081174,-0.04047619,-0.035479632,-0.077147016,-0.090909091,0.090909091,0.016949153,-0.056580566,0.071174377,-0.08492201,-0.023572728,-0.059773829
2017.10.31,0.035294118,-0.008443908,0.007843137,0.033299697,0.118483412,0.013119534,0.027597403,-0.022486772,0.074102964,0.066997519,0.034059946,0.02681388,0.005128205,0.031746032,0.110416667,-0.01303781,0.069767442,0.089015152,0.079309697,0.345360825
2017.11.30,0,-0.065693431,-0.070038911,-0.049804688,-0.049435028,0.051798561,-0.009478673,-0.031123139,-0.077705156,0.058139535,0.046113307,0.029185868,-0.043367347,0.015384615,0.026266417,-0.073976222,0.02173913,0.043478261,-0.05431327,0.081736909
2017.12.31,0.011363636,-0.00390625,-0.020920502,0.01336074,-0.004457652,-0.031463748,0.079744817,0.027932961,0.003149606,0,0.01511335,-0.007462687,0.017333333,0.053030303,-0.038391225,0.035663338,-0.051671733,-0.023333333,-0.320943268,0.002361275
2018.1.31,-0.005617978,-0.039215686,0.051282051,0.044624746,0.034328358,-0.086158192,0.138847858,0.141304348,-0.020800628,-0.020879121,-0.044665012,0.144360902,-0.062909567,-0.061151079,-0.058935361,0.181818182,0.038461538,-0.027303754,0.44870138,0.09540636
2018.2.28,-0.096045198,0.044897959,0.004065041,-0.005825243,-0.008658009,-0.044822257,-0.15304799,0.092857143,-0.056913828,-0.032547699,-0.081818182,-0.049934297,-0.074125874,-0.042145594,-0.078787879,-0.102564103,-0.00308642,-0.059649123,-0.057553957,-0.120430108
2018.3.31,-0.027083333,0.05859375,-0.028340081,-0.064453125,-0.097525473,-0.009708738,0.035222052,-0.05664488,0.045898853,-0.001160093,0.007072136,-0.099585062,-0.00755287,-0.084,0.050438596,0.135064935,-0.111455108,-0.048507463,0.007633588,0.172371638
2018.4.30,-0.021413276,0.039360394,-0.083333333,-0.094989562,0.067741935,0.058823529,0.01035503,-0.043879908,0.07679805,-0.058072009,0.115168539,0.144393241,0.140030441,-0.048034934,0.035490605,0.455377574,0.114982578,0.188235294,-0.09469697,0.209593326
2018.5.31,-0.028446389,0.105325444,-0.022727273,-0.064590542,-0.058912387,0.00617284,-0.064421669,-0.109903382,-0.043396226,-0.094944513,0.020151134,-0.088590604,-0.11481976,-0.073394495,-0.120967742,0.160377358,-0.13125,0.01980198,-0.041841004,0.068965517
2018.6.30,0.04954955,-0.082441113,0.018604651,-0.048088779,-0.009630819,-0.003067485,-0.115805947,-0.055630936,-0.079881657,-0.017711172,0.060493827,-0.030927835,-0.034690799,0.04950495,-0.027522936,-0.220867209,-0.097122302,-0.148867314,-0.109170306,-0.004032258
2018.7.31,0.075107296,0.007001167,0.073059361,0.06865285,0.027552674,-0.095384615,0.033628319,0.033045977,-0.008574491,0.045769764,0.02677532,0.004559271,0.040625,0.009433962,0.075471698,0.017391304,0.03187251,0.020912548,0.044117647,-0.191902834
2018.8.31,0.047904192,-0.038238702,0.017021277,-0.016969697,0.011041009,-0.151360544,-0.039383562,-0.121001391,0.047567568,-0.051724138,-0.178004535,-0.012102874,-0.084084084,0.121495327,-0.01754386,0.025641026,-0.034749035,-0.00744879,0.107981221,0.082164329
2018.9.30,0.074285714,-0.119277108,0.146443515,0.075215783,0.095163807,-0.024048096,0.001782531,-0.120253165,-0.04127967,0.015384615,0.030344828,-0.098009188,-0.037704918,0.054166667,0.017857143,0.125,0.036,0.060037523,0.139830508,0.00462963
2018.10.31,-0.04964539,-0.067031464,-0.094890511,-0.130733945,-0.190883191,-0.104722793,-0.023131673,-0.055755396,-0.087190527,-0.08677686,-0.117804552,-0.123938879,-0.076660988,-0.134387352,-0.166666667,-0.322222222,-0.177606178,-0.261061947,-0.074349442,-0.342857143
2018.11.30,0.080223881,0.020527859,-0.108870968,0.122691293,0.073943662,0.151376147,0.162112933,0.038095238,-0.012971698,0.088989442,0.124430956,-0.040697674,0.095940959,-0.04109589,-0.05,0.202185792,0.004694836,0.032335329,0.060240964,0.210378682
2018.12.31,-0.069084629,-0.130747126,-0.115837104,0.016451234,0.104918033,0.013944223,0.036050157,0.016513761,-0.075268817,-0.031855956,-0.02294197,-0.018181818,0.114478114,0.028571429,0.052631579,-0.007272727,0.107476636,0.049883991,-0.026515152,-0.113557358
2019.1.31,-0.042671614,0.221487603,0.069600819,0.01849711,0.078635015,0.098231827,0.101361573,0.083032491,0.19250646,0.111587983,0.075966851,0.127572016,0.042296073,0.185185185,0.184210526,0.139194139,0.092827004,0.131491713,0.077821012,0.00130719
2019.2.28,0.009689922,-0.052774019,-0.043062201,0.036322361,0.005502063,-0.037567084,0.010989011,0.063333333,-0.022751896,-0.034749035,-0.019255456,-0.040145985,0.010144928,-0.02734375,-0.02,-0.080385852,-0.023166023,-0.026367188,-0.050541516,0.070496084
2019.3.31,-0.034548944,0.06,-0.104,0.018619934,-0.032831737,0.148698885,-0.13451087,-0.089341693,-0.009977827,0.033333333,0.009162304,-0.038022814,-0.142037303,-0.088353414,-0.054421769,-0.066433566,-0.055335968,-0.099297894,-0.095057034,0.163414634
2019.4.30,-0.015904573,0.064690027,0.029017857,-0.02688172,0.280056577,-0.09223301,0.040816327,-0.075731497,0.0268757,-0.058064516,-0.058365759,0.007905138,-0.053511706,0.105726872,0.115107914,-0.016853933,0.158995816,0.031180401,0.046218487,0.205450734
2019.5.22,0.022222222,-0.127848101,-0.098698482,-0.04198895,-0.090607735,-0.114081996,-0.073906486,-0.014897579,-0.051254089,-0.017808219,-0.004132231,-0.084313725,-0.113074205,-0.123505976,-0.092473118,-0.045714286,-0.083032491,-0.11663067,-0.124497992,-0.133043478